[{"course":1,"startee":2,"ccode":"AUS","cflag":"NA","fname":"Jason","lname":"Scrivener","r2d":70,"wr":70,"profileimage":"NA","cutoutimage":"NA","heroimage":"NA","tid":213,"pos":1,"posRoman":"1st","score":3,"hole":13,"today":-4,"R1":100,"R2":110,"R3":123,"R4":123,"total":123,"status":"PN","pscore":{"rounds":[{"roundno":1,"hole":[{"display":5,"type":2,"contri":0},{"display":6,"type":2,"contri":0},{"display":6,"type":2,"contri":0},{"display":6,"type":2,"contri":0},{"display":6,"type":2,"contri":0},{"display":6,"type":2,"contri":0},{"display":6,"type":2,"contri":0},{"display":6,"type":2,"contri":0},{"display":6,"type":2,"contri":0},{"display":6,"type":2,"contri":0},{"display":6,"type":2,"contri":0},{"display":6,"type":2,"contri":0},{"display":6,"type":2,"contri":0},{"display":6,"type":2,"contri":0},{"display":6,"type":2,"contri":0},{"display":6,"type":2,"contri":0},{"display":6,"type":2,"contri":0},{"display":6,"type":2,"contri":0}]}]}},{"course":1,"startee":2,"ccode":"AUS","cflag":"NA","fname":"Jason","lname":"Scrivener","r2d":70,"wr":70,"profileimage":"NA","cutoutimage":"NA","heroimage":"NA","tid":214,"pos":2,"posRoman":"1st","score":3,"hole":14,"today":-4,"R1":100,"R2":110,"R3":123,"R4":123,"total":123,"status":"PN","pscore":{"rounds":[{"roundno":1,"hole":[{"display":6,"type":2,"contri":0},{"display":6,"type":2,"contri":0},{"display":6,"type":2,"contri":0},{"display":6,"type":2,"contri":0},{"display":6,"type":2,"contri":0},{"display":6,"type":2,"contri":0},{"display":6,"type":2,"contri":0},{"display":6,"type":2,"contri":0},{"display":6,"type":2,"contri":0},{"display":6,"type":2,"contri":0},{"display":6,"type":2,"contri":0},{"display":6,"type":2,"contri":0},{"display":6,"type":2,"contri":0},{"display":6,"type":2,"contri":0},{"display":6,"type":2,"contri":0},{"display":6,"type":2,"contri":0},{"display":6,"type":2,"contri":0},{"display":6,"type":2,"contri":0}]}]}},{"course":1,"startee":2,"ccode":"AUS","cflag":"NA","fname":"Jason","lname":"Scrivener","r2d":70,"wr":70,"profileimage":"NA","cutoutimage":"NA","heroimage":"NA","tid":215,"pos":3,"posRoman":"1st","score":3,"hole":14,"today":-4,"R1":100,"R2":110,"R3":123,"R4":123,"total":123,"status":"PN","pscore":{"rounds":[{"roundno":1,"hole":[{"display":6,"type":2,"contri":0},{"display":6,"type":2,"contri":0},{"display":6,"type":2,"contri":0},{"display":6,"type":2,"contri":0},{"display":6,"type":2,"contri":0},{"display":6,"type":2,"contri":0},{"display":6,"type":2,"contri":0},{"display":6,"type":2,"contri":0},{"display":6,"type":2,"contri":0},{"display":6,"type":2,"contri":0},{"display":6,"type":2,"contri":0},{"display":6,"type":2,"contri":0},{"display":6,"type":2,"contri":0},{"display":6,"type":2,"contri":0},{"display":6,"type":2,"contri":0},{"display":6,"type":2,"contri":0},{"display":6,"type":2,"contri":0},{"display":6,"type":2,"contri":0}]}]}},{"course":1,"startee":2,"ccode":"AUS","cflag":"NA","fname":"Jason","lname":"Scrivener","r2d":70,"wr":70,"profileimage":"NA","cutoutimage":"NA","heroimage":"NA","tid":216,"pos":4,"posRoman":"1st","score":3,"hole":14,"today":-4,"R1":100,"R2":110,"R3":123,"R4":123,"total":123,"status":"PN","pscore":{"rounds":[{"roundno":1,"hole":[{"display":6,"type":2,"contri":0},{"display":6,"type":2,"contri":0},{"display":6,"type":2,"contri":0},{"display":6,"type":2,"contri":0},{"display":6,"type":2,"contri":0},{"display":6,"type":2,"contri":0},{"display":6,"type":2,"contri":0},{"display":6,"type":2,"contri":0},{"display":6,"type":2,"contri":0},{"display":6,"type":2,"contri":0},{"display":6,"type":2,"contri":0},{"display":6,"type":2,"contri":0},{"display":6,"type":2,"contri":0},{"display":6,"type":2,"contri":0},{"display":6,"type":2,"contri":0},{"display":6,"type":2,"contri":0},{"display":6,"type":2,"contri":0},{"display":6,"type":2,"contri":0}]}]}},{"course":1,"startee":2,"ccode":"AUS","cflag":"NA","fname":"Jason","lname":"Scrivener","r2d":70,"wr":70,"profileimage":"NA","cutoutimage":"NA","heroimage":"NA","tid":217,"pos":5,"posRoman":"1st","score":3,"hole":14,"today":-4,"R1":100,"R2":110,"R3":123,"R4":123,"total":123,"status":"PN","pscore":{"rounds":[{"roundno":1,"hole":[{"display":6,"type":2,"contri":0},{"display":6,"type":2,"contri":0},{"display":6,"type":2,"contri":0},{"display":6,"type":2,"contri":0},{"display":6,"type":2,"contri":0},{"display":6,"type":2,"contri":0},{"display":6,"type":2,"contri":0},{"display":6,"type":2,"contri":0},{"display":6,"type":2,"contri":0},{"display":6,"type":2,"contri":0},{"display":6,"type":2,"contri":0},{"display":6,"type":2,"contri":0},{"display":6,"type":2,"contri":0},{"display":6,"type":2,"contri":0},{"display":6,"type":2,"contri":0},{"display":6,"type":2,"contri":0},{"display":6,"type":2,"contri":0},{"display":6,"type":2,"contri":0}]}]}},{"course":1,"startee":2,"ccode":"AUS","cflag":"NA","fname":"Jason","lname":"Scrivener","r2d":70,"wr":70,"profileimage":"NA","cutoutimage":"NA","heroimage":"NA","tid":218,"pos":6,"posRoman":"1st","score":3,"hole":14,"today":-4,"R1":100,"R2":110,"R3":123,"R4":123,"total":123,"status":"PN","pscore":{"rounds":[{"roundno":1,"hole":[{"display":6,"type":2,"contri":0},{"display":6,"type":2,"contri":0},{"display":6,"type":2,"contri":0},{"display":6,"type":2,"contri":0},{"display":6,"type":2,"contri":0},{"display":6,"type":2,"contri":0},{"display":6,"type":2,"contri":0},{"display":6,"type":2,"contri":0},{"display":6,"type":2,"contri":0},{"display":6,"type":2,"contri":0},{"display":6,"type":2,"contri":0},{"display":6,"type":2,"contri":0},{"display":6,"type":2,"contri":0},{"display":6,"type":2,"contri":0},{"display":6,"type":2,"contri":0},{"display":6,"type":2,"contri":0},{"display":6,"type":2,"contri":0},{"display":6,"type":2,"contri":0}]}]}},{"course":1,"startee":2,"ccode":"AUS","cflag":"NA","fname":"Jason","lname":"Scrivener","r2d":70,"wr":70,"profileimage":"NA","cutoutimage":"NA","heroimage":"NA","tid":219,"pos":7,"posRoman":"1st","score":3,"hole":14,"today":-4,"R1":100,"R2":110,"R3":123,"R4":123,"total":123,"status":"PN","pscore":{"rounds":[{"roundno":1,"hole":[{"display":6,"type":2,"contri":0},{"display":6,"type":2,"contri":0},{"display":6,"type":2,"contri":0},{"display":6,"type":2,"contri":0},{"display":6,"type":2,"contri":0},{"display":6,"type":2,"contri":0},{"display":6,"type":2,"contri":0},{"display":6,"type":2,"contri":0},{"display":6,"type":2,"contri":0},{"display":6,"type":2,"contri":0},{"display":6,"type":2,"contri":0},{"display":6,"type":2,"contri":0},{"display":6,"type":2,"contri":0},{"display":6,"type":2,"contri":0},{"display":6,"type":2,"contri":0},{"display":6,"type":2,"contri":0},{"display":6,"type":2,"contri":0},{"display":6,"type":2,"contri":0}]}]}},{"course":1,"startee":2,"ccode":"AUS","cflag":"NA","fname":"Jason","lname":"Scrivener","r2d":70,"wr":70,"profileimage":"NA","cutoutimage":"NA","heroimage":"NA","tid":220,"pos":8,"posRoman":"1st","score":3,"hole":14,"today":-4,"R1":100,"R2":110,"R3":123,"R4":123,"total":123,"status":"PN","pscore":{"rounds":[{"roundno":1,"hole":[{"display":6,"type":2,"contri":0},{"display":6,"type":2,"contri":0},{"display":6,"type":2,"contri":0},{"display":6,"type":2,"contri":0},{"display":6,"type":2,"contri":0},{"display":6,"type":2,"contri":0},{"display":6,"type":2,"contri":0},{"display":6,"type":2,"contri":0},{"display":6,"type":2,"contri":0},{"display":6,"type":2,"contri":0},{"display":6,"type":2,"contri":0},{"display":6,"type":2,"contri":0},{"display":6,"type":2,"contri":0},{"display":6,"type":2,"contri":0},{"display":6,"type":2,"contri":0},{"display":6,"type":2,"contri":0},{"display":6,"type":2,"contri":0},{"display":6,"type":2,"contri":0}]}]}},{"course":1,"startee":2,"ccode":"AUS","cflag":"NA","fname":"Jason","lname":"Scrivener","r2d":70,"wr":70,"profileimage":"NA","cutoutimage":"NA","heroimage":"NA","tid":221,"pos":9,"posRoman":"1st","score":3,"hole":14,"today":-4,"R1":100,"R2":110,"R3":123,"R4":123,"total":123,"status":"PN","pscore":{"rounds":[{"roundno":1,"hole":[{"display":6,"type":2,"contri":0},{"display":6,"type":2,"contri":0},{"display":6,"type":2,"contri":0},{"display":6,"type":2,"contri":0},{"display":6,"type":2,"contri":0},{"display":6,"type":2,"contri":0},{"display":6,"type":2,"contri":0},{"display":6,"type":2,"contri":0},{"display":6,"type":2,"contri":0},{"display":6,"type":2,"contri":0},{"display":6,"type":2,"contri":0},{"display":6,"type":2,"contri":0},{"display":6,"type":2,"contri":0},{"display":6,"type":2,"contri":0},{"display":6,"type":2,"contri":0},{"display":6,"type":2,"contri":0},{"display":6,"type":2,"contri":0},{"display":6,"type":2,"contri":0}]}]}},{"course":1,"startee":2,"ccode":"AUS","cflag":"NA","fname":"Jason","lname":"Scrivener","r2d":70,"wr":70,"profileimage":"NA","cutoutimage":"NA","heroimage":"NA","tid":222,"pos":10,"posRoman":"1st","score":3,"hole":14,"today":-4,"R1":100,"R2":110,"R3":123,"R4":123,"total":123,"status":"PN","pscore":{"rounds":[{"roundno":1,"hole":[{"display":6,"type":2,"contri":0},{"display":6,"type":2,"contri":0},{"display":6,"type":2,"contri":0},{"display":6,"type":2,"contri":0},{"display":6,"type":2,"contri":0},{"display":6,"type":2,"contri":0},{"display":6,"type":2,"contri":0},{"display":6,"type":2,"contri":0},{"display":6,"type":2,"contri":0},{"display":6,"type":2,"contri":0},{"display":6,"type":2,"contri":0},{"display":6,"type":2,"contri":0},{"display":6,"type":2,"contri":0},{"display":6,"type":2,"contri":0},{"display":6,"type":2,"contri":0},{"display":6,"type":2,"contri":0},{"display":6,"type":2,"contri":0},{"display":6,"type":2,"contri":0}]}]}},{"course":1,"startee":2,"ccode":"AUS","cflag":"NA","fname":"Jason","lname":"Scrivener","r2d":70,"wr":70,"profileimage":"NA","cutoutimage":"NA","heroimage":"NA","tid":223,"pos":11,"posRoman":"1st","score":3,"hole":14,"today":-4,"R1":100,"R2":110,"R3":123,"R4":123,"total":123,"status":"PN","pscore":{"rounds":[{"roundno":1,"hole":[{"display":6,"type":2,"contri":0},{"display":6,"type":2,"contri":0},{"display":6,"type":2,"contri":0},{"display":6,"type":2,"contri":0},{"display":6,"type":2,"contri":0},{"display":6,"type":2,"contri":0},{"display":6,"type":2,"contri":0},{"display":6,"type":2,"contri":0},{"display":6,"type":2,"contri":0},{"display":6,"type":2,"contri":0},{"display":6,"type":2,"contri":0},{"display":6,"type":2,"contri":0},{"display":6,"type":2,"contri":0},{"display":6,"type":2,"contri":0},{"display":6,"type":2,"contri":0},{"display":6,"type":2,"contri":0},{"display":6,"type":2,"contri":0},{"display":6,"type":2,"contri":0}]}]}},{"course":1,"startee":2,"ccode":"AUS","cflag":"NA","fname":"Jason","lname":"Scrivener","r2d":70,"wr":70,"profileimage":"NA","cutoutimage":"NA","heroimage":"NA","tid":224,"pos":12,"posRoman":"1st","score":3,"hole":14,"today":-4,"R1":100,"R2":110,"R3":123,"R4":123,"total":123,"status":"PN","pscore":{"rounds":[{"roundno":1,"hole":[{"display":6,"type":2,"contri":0},{"display":6,"type":2,"contri":0},{"display":6,"type":2,"contri":0},{"display":6,"type":2,"contri":0},{"display":6,"type":2,"contri":0},{"display":6,"type":2,"contri":0},{"display":6,"type":2,"contri":0},{"display":6,"type":2,"contri":0},{"display":6,"type":2,"contri":0},{"display":6,"type":2,"contri":0},{"display":6,"type":2,"contri":0},{"display":6,"type":2,"contri":0},{"display":6,"type":2,"contri":0},{"display":6,"type":2,"contri":0},{"display":6,"type":2,"contri":0},{"display":6,"type":2,"contri":0},{"display":6,"type":2,"contri":0},{"display":6,"type":2,"contri":0}]}]}},{"course":1,"startee":2,"ccode":"AUS","cflag":"NA","fname":"Jason","lname":"Scrivener","r2d":70,"wr":70,"profileimage":"NA","cutoutimage":"NA","heroimage":"NA","tid":225,"pos":13,"posRoman":"1st","score":3,"hole":14,"today":-4,"R1":100,"R2":110,"R3":123,"R4":123,"total":123,"status":"PN","pscore":{"rounds":[{"roundno":1,"hole":[{"display":6,"type":2,"contri":0},{"display":6,"type":2,"contri":0},{"display":6,"type":2,"contri":0},{"display":6,"type":2,"contri":0},{"display":6,"type":2,"contri":0},{"display":6,"type":2,"contri":0},{"display":6,"type":2,"contri":0},{"display":6,"type":2,"contri":0},{"display":6,"type":2,"contri":0},{"display":6,"type":2,"contri":0},{"display":6,"type":2,"contri":0},{"display":6,"type":2,"contri":0},{"display":6,"type":2,"contri":0},{"display":6,"type":2,"contri":0},{"display":6,"type":2,"contri":0},{"display":6,"type":2,"contri":0},{"display":6,"type":2,"contri":0},{"display":6,"type":2,"contri":0}]}]}},{"course":1,"startee":2,"ccode":"AUS","cflag":"NA","fname":"Jason","lname":"Scrivener","r2d":70,"wr":70,"profileimage":"NA","cutoutimage":"NA","heroimage":"NA","tid":226,"pos":14,"posRoman":"1st","score":3,"hole":14,"today":-4,"R1":100,"R2":110,"R3":123,"R4":123,"total":123,"status":"PN","pscore":{"rounds":[{"roundno":1,"hole":[{"display":6,"type":2,"contri":0},{"display":6,"type":2,"contri":0},{"display":6,"type":2,"contri":0},{"display":6,"type":2,"contri":0},{"display":6,"type":2,"contri":0},{"display":6,"type":2,"contri":0},{"display":6,"type":2,"contri":0},{"display":6,"type":2,"contri":0},{"display":6,"type":2,"contri":0},{"display":6,"type":2,"contri":0},{"display":6,"type":2,"contri":0},{"display":6,"type":2,"contri":0},{"display":6,"type":2,"contri":0},{"display":6,"type":2,"contri":0},{"display":6,"type":2,"contri":0},{"display":6,"type":2,"contri":0},{"display":6,"type":2,"contri":0},{"display":6,"type":2,"contri":0}]}]}}]